{"beta": [[0.025086496025323868, 1.000970482826233, 0.008307895623147488, -0.0015861791325733066, -0.29215407371520996, -0.007938341237604618], [-0.009197231382131577, 0.0020672993268817663, -0.9897565245628357, 0.0011137484107166529, 0.19207215309143066, 0.004034247249364853]], "c_sq": 6.870607852935791, "lambda": [[4.931179046630859, 75.92147827148438, 1.1405375003814697, 0.48787662386894226, 15.330199241638184, 0.6335941553115845], [1.591916561126709, 0.830435574054718, 41.87460708618164, 0.41992783546447754, 5.7675676345825195, 0.6248588562011719]], "sigma": 0.7713237404823303, "tau": 0.08707944303750992}
